<?xml version="1.0" encoding="UTF-8"?>
<project-private xmlns="http://www.netbeans.org/ns/project-private/1">
    <editor-bookmarks xmlns="http://www.netbeans.org/ns/editor-bookmarks/2" lastBookmarkId="0"/>
    <open-files xmlns="http://www.netbeans.org/ns/projectui-open-files/2">
        <group>
            <file>file:/var/www/mysite/templates/edit.html</file>
            <file>file:/var/www/mysite/crud/admin.py</file>
            <file>file:/var/www/mysite/crud/models.py</file>
            <file>file:/var/www/mysite/templates/elements/sidebar.html</file>
            <file>file:/var/www/mysite/crud/urls.py</file>
            <file>file:/var/www/mysite/templates/index.html</file>
            <file>file:/var/www/mysite/mysite/settings.py</file>
            <file>file:/var/www/mysite/mysite/urls.py</file>
            <file>file:/var/www/mysite/crud/views.py</file>
            <file>file:/var/www/mysite/templates/list.html</file>
            <file>file:/var/www/mysite/templates/layout/app.html</file>
            <file>file:/var/www/mysite/templates/signup.html</file>
        </group>
    </open-files>
</project-private>
